{
  "WEB3": 0.712057,
  "CHAIN": 9.975963,
  "ACAI": 1.412029,
  "ADDY": 11.506353,
  "AEDY": 11.001553,
  "ABDY": 16.735293,
  "ABAL": 10.527038,
  "AMOD": 12.931569,
  "AAGG": 11.061326,
  "AP60": 22.33042931987,
  "WEB3_PROD": 0.712057,
  "WEB3_SET": 0.712057,
  "CHAIN_PROD": 9.975963,
  "CHAIN_SET": 9.975963,
  "ACAI_PROD": 1.412029,
  "ABDY_PROD": 16.735293,
  "ABDY_V1": 16.735293,
  "ADDY_PROD": 11.506353,
  "AEDY_PROD": 11.001553
}