{
  "WEB3": 0.75623,
  "CHAIN": 10.41643,
  "ACAI": 1.492084,
  "ADDY": 11.508765,
  "AEDY": 11.538861,
  "ABDY": 17.4824,
  "ABAL": 10.868209,
  "AMOD": 13.485858,
  "AAGG": 11.607158,
  "AP60": 22.892615063890002,
  "WEB3_PROD": 0.75623,
  "WEB3_SET": 0.75623,
  "CHAIN_PROD": 10.41643,
  "CHAIN_SET": 10.41643,
  "ACAI_PROD": 1.492084,
  "ABDY_PROD": 17.4824,
  "ABDY_V1": 17.4824,
  "ADDY_PROD": 11.508765,
  "AEDY_PROD": 11.538861
}