{
  "WEB3": 0.618592,
  "CHAIN": 8.44548,
  "ACAI": 1.096806,
  "ADDY": 11.502198,
  "AEDY": 9.189126,
  "ABDY": 14.291123,
  "ABAL": 9.414896,
  "AMOD": 11.089653,
  "AAGG": 9.346625,
  "AP60": 20.49305364944,
  "WEB3_PROD": 0.618592,
  "WEB3_SET": 0.618592,
  "CHAIN_PROD": 8.44548,
  "CHAIN_SET": 8.44548,
  "ACAI_PROD": 1.096806,
  "ABDY_PROD": 14.291123,
  "ABDY_V1": 14.291123,
  "ADDY_PROD": 11.502198,
  "AEDY_PROD": 9.189126
}