{
  "WEB3": 0.746582,
  "CHAIN": 10.79912,
  "ACAI": 1.318374,
  "ADDY": 11.518688,
  "AEDY": 12.81481,
  "ABDY": 17.61148,
  "ABAL": 11.259184,
  "AMOD": 14.144276,
  "AAGG": 12.29346,
  "AP60": 23.529249067499997,
  "WEB3_PROD": 0.746582,
  "WEB3_SET": 0.746582,
  "CHAIN_PROD": 10.79912,
  "CHAIN_SET": 10.79912,
  "ACAI_PROD": 1.318374,
  "ABDY_PROD": 17.61148,
  "ABDY_V1": 17.61148,
  "ADDY_PROD": 11.518688,
  "AEDY_PROD": 12.81481
}