{
  "WEB3": 0.741342,
  "CHAIN": 10.715627,
  "ACAI": 1.267993,
  "ADDY": 11.519186,
  "AEDY": 12.619989,
  "ABDY": 17.522602,
  "ABAL": 11.184042,
  "AMOD": 14.018182,
  "AAGG": 12.161789,
  "AP60": 23.40346741331,
  "WEB3_PROD": 0.741342,
  "WEB3_SET": 0.741342,
  "CHAIN_PROD": 10.715627,
  "CHAIN_SET": 10.715627,
  "ACAI_PROD": 1.267993,
  "ABDY_PROD": 17.522602,
  "ABDY_V1": 17.522602,
  "ADDY_PROD": 11.519186,
  "AEDY_PROD": 12.619989
}