{
  "WEB3": 0.714146,
  "CHAIN": 10.520626,
  "ACAI": 1.258619,
  "ADDY": 11.516093,
  "AEDY": 12.364985,
  "ABDY": 17.21739,
  "ABAL": 11.029064,
  "AMOD": 13.761895,
  "AAGG": 11.898575,
  "AP60": 23.14447645005,
  "WEB3_PROD": 0.714146,
  "WEB3_SET": 0.714146,
  "CHAIN_PROD": 10.520626,
  "CHAIN_SET": 10.520626,
  "ACAI_PROD": 1.258619,
  "ABDY_PROD": 17.21739,
  "ABDY_V1": 17.21739,
  "ADDY_PROD": 11.516093,
  "AEDY_PROD": 12.364985
}