{
  "WEB3": 0.843215,
  "CHAIN": 11.227706,
  "ACAI": 1.502561,
  "ADDY": 11.514227,
  "AEDY": 12.852512,
  "ABDY": 18.410805,
  "ABAL": 11.512312,
  "AMOD": 14.564632,
  "AAGG": 12.729899,
  "AP60": 23.95744902888,
  "WEB3_PROD": 0.843215,
  "WEB3_SET": 0.843215,
  "CHAIN_PROD": 11.227706,
  "CHAIN_SET": 11.227706,
  "ACAI_PROD": 1.502561,
  "ABDY_PROD": 18.410805,
  "ABDY_V1": 18.410805,
  "ADDY_PROD": 11.514227,
  "AEDY_PROD": 12.852512
}