{
  "WEB3": 0.805933,
  "CHAIN": 11.074954,
  "ACAI": 1.436825,
  "ADDY": 11.513019,
  "AEDY": 12.477702,
  "ABDY": 18.402098,
  "ABAL": 11.374456,
  "AMOD": 14.333656,
  "AAGG": 12.430259,
  "AP60": 23.72513910368,
  "WEB3_PROD": 0.805933,
  "WEB3_SET": 0.805933,
  "CHAIN_PROD": 11.074954,
  "CHAIN_SET": 11.074954,
  "ACAI_PROD": 1.436825,
  "ABDY_PROD": 18.402098,
  "ABDY_V1": 18.402098,
  "ADDY_PROD": 11.513019,
  "AEDY_PROD": 12.477702
}