{
  "WEB3": 0.636111,
  "CHAIN": 8.787083,
  "ACAI": 1.322264,
  "ADDY": 11.506243,
  "AEDY": 9.46189,
  "ABDY": 14.983967,
  "ABAL": 9.654022,
  "AMOD": 11.482011,
  "AAGG": 9.677795,
  "AP60": 20.8857742267,
  "WEB3_PROD": 0.636111,
  "WEB3_SET": 0.636111,
  "CHAIN_PROD": 8.787083,
  "CHAIN_SET": 8.787083,
  "ACAI_PROD": 1.322264,
  "ABDY_PROD": 14.983967,
  "ABDY_V1": 14.983967,
  "ADDY_PROD": 11.506243,
  "AEDY_PROD": 9.46189
}