{
  "WEB3": 0.696829,
  "CHAIN": 9.889939,
  "ACAI": 1.393534,
  "ADDY": 11.50533,
  "AEDY": 10.893056,
  "ABDY": 16.618982,
  "ABAL": 10.464325,
  "AMOD": 12.826006,
  "AAGG": 10.945488,
  "AP60": 22.21882707884,
  "WEB3_PROD": 0.696829,
  "WEB3_SET": 0.696829,
  "CHAIN_PROD": 9.889939,
  "CHAIN_SET": 9.889939,
  "ACAI_PROD": 1.393534,
  "ABDY_PROD": 16.618982,
  "ABDY_V1": 16.618982,
  "ADDY_PROD": 11.50533,
  "AEDY_PROD": 10.893056
}