{
  "WEB3": 0.589723,
  "CHAIN": 8.194055,
  "ACAI": 1.11668,
  "ADDY": 11.505683,
  "AEDY": 8.928195,
  "ABDY": 13.94961,
  "ABAL": 9.250548,
  "AMOD": 10.811758,
  "AAGG": 9.063997,
  "AP60": 20.20862420875,
  "WEB3_PROD": 0.589723,
  "WEB3_SET": 0.589723,
  "CHAIN_PROD": 8.194055,
  "CHAIN_SET": 8.194055,
  "ACAI_PROD": 1.11668,
  "ABDY_PROD": 13.94961,
  "ABDY_V1": 13.94961,
  "ADDY_PROD": 11.505683,
  "AEDY_PROD": 8.928195
}