{
  "WEB3": 0.599571,
  "CHAIN": 8.370283,
  "ACAI": 1.15729,
  "ADDY": 11.506384,
  "AEDY": 9.084063,
  "ABDY": 14.276648,
  "ABAL": 9.371398,
  "AMOD": 11.011727,
  "AAGG": 9.238888,
  "AP60": 20.40976755097,
  "WEB3_PROD": 0.599571,
  "WEB3_SET": 0.599571,
  "CHAIN_PROD": 8.370283,
  "CHAIN_SET": 8.370283,
  "ACAI_PROD": 1.15729,
  "ABDY_PROD": 14.276648,
  "ABDY_V1": 14.276648,
  "ADDY_PROD": 11.506384,
  "AEDY_PROD": 9.084063
}