{
  "WEB3": 0.780924,
  "CHAIN": 11.163601,
  "ACAI": 1.460244,
  "ADDY": 11.5138,
  "AEDY": 12.846891,
  "ABDY": 18.450666,
  "ABAL": 11.470063,
  "AMOD": 14.493718,
  "AAGG": 12.570714,
  "AP60": 23.88051815809,
  "WEB3_PROD": 0.780924,
  "WEB3_SET": 0.780924,
  "CHAIN_PROD": 11.163601,
  "CHAIN_SET": 11.163601,
  "ACAI_PROD": 1.460244,
  "ABDY_PROD": 18.450666,
  "ABDY_V1": 18.450666,
  "ADDY_PROD": 11.5138,
  "AEDY_PROD": 12.846891
}