{
  "WEB3": 0.756874,
  "CHAIN": 10.466949,
  "ACAI": 1.423839,
  "ADDY": 11.508393,
  "AEDY": 11.662181,
  "ABDY": 17.499306,
  "ABAL": 10.908285,
  "AMOD": 13.563171,
  "AAGG": 11.679927,
  "AP60": 22.96015300829,
  "WEB3_PROD": 0.756874,
  "WEB3_SET": 0.756874,
  "CHAIN_PROD": 10.466949,
  "CHAIN_SET": 10.466949,
  "ACAI_PROD": 1.423839,
  "ABDY_PROD": 17.499306,
  "ABDY_V1": 17.499306,
  "ADDY_PROD": 11.508393,
  "AEDY_PROD": 11.662181
}